,rmse_avg,rmse_std,mae_avg,mae_std,r2,r2_std,pc-er_avg,pc-er_std,doa,doa_std,rm,rm_std,d_in,num_responses,exec_time,exec_time_avg,exec_time_std
0,0.2813,0.0022,0.2027,0.002,0.2639,0.0132,0.475,0.0093,0.6516,0.0033,0.4833,0.0103,2.0,10.0,,,
1,0.2821,0.0021,0.2033,0.0018,0.2593,0.0131,0.4743,0.0086,0.6512,0.003,0.4823,0.0094,2.0,10.0,859.8416657447815,859.8416657447815,171.88711878970435
2,0.2789,0.0016,0.1931,0.0015,0.2762,0.0114,0.481,0.0081,0.6538,0.0026,0.4912,0.0085,4.0,10.0,295.2695980072021,295.2695980072021,58.94686556853385
3,0.2798,0.0007,0.1926,0.0011,0.2717,0.006,0.4827,0.0076,0.6541,0.0025,0.4928,0.0077,6.0,10.0,291.7658257484436,291.7658257484436,58.35824619136572
4,0.2799,0.0022,0.1927,0.0012,0.2708,0.0135,0.4833,0.0079,0.6543,0.0024,0.4938,0.0083,8.0,10.0,319.9906289577484,319.9906289577484,64.22896259764849
5,0.2803,0.0019,0.1928,0.0017,0.2692,0.0117,0.4837,0.01,0.6542,0.003,0.494,0.0107,10.0,10.0,285.77822613716125,285.77822613716125,57.19014611073082
6,0.2809,0.0021,0.1928,0.0014,0.2657,0.0145,0.4844,0.0085,0.6543,0.0027,0.4948,0.0089,12.0,10.0,288.38062357902527,288.38062357902527,57.680337120073474
7,0.2805,0.0011,0.1928,0.0012,0.2681,0.0075,0.4851,0.009,0.6547,0.003,0.4953,0.0093,14.0,10.0,298.63312125205994,298.63312125205994,59.74651514181813
8,0.2801,0.0034,0.202,0.0026,0.2702,0.0191,0.4748,0.0074,0.6518,0.0024,0.4835,0.0069,2.0,15.0,681.2283315658569,681.2283315658569,136.29114486819563
9,0.2747,0.0014,0.193,0.0012,0.2981,0.0098,0.479,0.0079,0.6536,0.0027,0.4893,0.0082,4.0,15.0,419.3046774864197,419.3046774864197,83.65758776756199
10,0.2748,0.0013,0.1926,0.0021,0.2974,0.0069,0.4792,0.0091,0.6534,0.003,0.489,0.0098,6.0,15.0,356.0230972766876,356.0230972766876,71.18166439038336
11,0.2762,0.0008,0.1923,0.0015,0.2904,0.0073,0.4796,0.0077,0.6536,0.0026,0.4898,0.0078,8.0,15.0,354.80965876579285,354.80965876579285,71.02368200152588
12,0.2769,0.0016,0.1917,0.001,0.2866,0.0113,0.4803,0.0083,0.6539,0.0026,0.4909,0.0086,10.0,15.0,373.904643535614,373.904643535614,74.5067767106142
13,0.2768,0.0019,0.1918,0.0009,0.2872,0.0124,0.4803,0.0083,0.6536,0.0028,0.4904,0.0087,12.0,15.0,334.7976922988892,334.7976922988892,67.13266904434101
14,0.2759,0.0019,0.1917,0.0013,0.2915,0.0127,0.481,0.0079,0.654,0.0026,0.4912,0.0084,14.0,15.0,318.95381593704224,318.95381593704224,64.0070383943001
15,0.2801,0.0034,0.202,0.0026,0.2702,0.0191,0.4748,0.0074,0.6518,0.0024,0.4835,0.0069,2.0,15.0,627.7792944908142,627.7792944908142,125.42958370047297
16,0.2829,0.0013,0.2043,0.0012,0.2554,0.0101,0.474,0.0077,0.6518,0.0024,0.482,0.0079,2.0,16.0,683.049729347229,683.049729347229,136.56167831115516
17,0.282,0.0022,0.2036,0.0015,0.2598,0.0131,0.4747,0.0078,0.6519,0.0025,0.4831,0.008,2.0,17.0,896.7909555435181,896.7909555435181,179.1825530401416
18,0.2819,0.001,0.204,0.0007,0.2608,0.0074,0.4749,0.0079,0.6519,0.0024,0.483,0.008,2.0,18.0,740.4395475387573,740.4395475387573,148.22778560446903
19,0.2806,0.0008,0.2031,0.0007,0.2674,0.0076,0.4754,0.0076,0.652,0.0024,0.4834,0.0079,2.0,19.0,780.2518644332886,780.2518644332886,155.83812842916853
20,0.2828,0.001,0.2047,0.0009,0.2556,0.0085,0.4748,0.0079,0.6519,0.0025,0.483,0.0083,2.0,20.0,841.8758161067963,841.8758161067963,168.33066781931066
21,0.2811,0.0014,0.2041,0.001,0.2648,0.0101,0.4744,0.0077,0.6519,0.0025,0.4823,0.0076,2.0,21.0,774.0089774131775,774.0089774131775,154.63001150107397
22,0.2796,0.001,0.2029,0.0008,0.2728,0.0082,0.4756,0.0077,0.6522,0.0026,0.4834,0.0078,2.0,22.0,807.4023175239563,807.4023175239563,161.49065436019353
23,0.2822,0.0009,0.205,0.001,0.2592,0.0079,0.4751,0.0072,0.6524,0.0025,0.4839,0.0079,2.0,23.0,828.9893519878387,828.9893519878387,165.4390245432698
24,0.2823,0.0007,0.2049,0.0006,0.2585,0.0069,0.4764,0.0073,0.6526,0.0025,0.4847,0.0075,2.0,24.0,745.085382938385,745.085382938385,149.28236891615015
25,0.2819,0.0005,0.2052,0.0004,0.2605,0.005,0.4754,0.0075,0.6525,0.0024,0.484,0.0075,2.0,25.0,875.9874997138977,875.9874997138977,175.0045786579383
26,0.2745,0.0018,0.1975,0.0015,0.2988,0.0115,0.4759,0.0081,0.6523,0.0025,0.4842,0.0086,3.0,15.0,844.995404958725,844.995404958725,169.01105992836827
27,0.2754,0.0015,0.1985,0.0012,0.2943,0.0105,0.4751,0.008,0.6518,0.0025,0.4829,0.0082,3.0,16.0,835.8484320640564,835.8484320640564,167.12718180385724
28,0.2737,0.0013,0.1967,0.0011,0.3029,0.0086,0.476,0.008,0.6526,0.0025,0.4849,0.0081,3.0,17.0,858.0848801136017,858.0848801136017,171.46455312033584
29,0.2786,0.0008,0.2014,0.0007,0.2779,0.0071,0.4749,0.0076,0.652,0.0025,0.4831,0.0079,3.0,18.0,800.9892339706421,800.9892339706421,160.02029076680122
30,0.2768,0.0012,0.2005,0.0007,0.2874,0.0081,0.4757,0.0081,0.6525,0.0026,0.4839,0.0084,3.0,19.0,809.5649540424347,809.5649540424347,162.10027051719743
31,0.2755,0.0008,0.1991,0.0011,0.2937,0.007,0.4757,0.0078,0.6522,0.0027,0.4839,0.0083,3.0,20.0,707.6531004905701,707.6531004905701,141.42549197949361
32,0.2745,0.0021,0.1956,0.0009,0.2991,0.0128,0.4769,0.0079,0.6531,0.0027,0.4872,0.0087,3.0,21.0,711.104177236557,711.104177236557,142.27506948423886
33,0.273,0.0011,0.197,0.0013,0.3064,0.0084,0.4776,0.0078,0.6532,0.0026,0.4865,0.0084,3.0,22.0,799.1535286903381,799.1535286903381,159.67040636098878
34,0.2789,0.001,0.2027,0.0008,0.2763,0.0084,0.4759,0.0081,0.6528,0.0025,0.4843,0.0082,3.0,23.0,770.9271676540375,770.9271676540375,154.05599724443795
35,0.2761,0.002,0.1997,0.0022,0.2905,0.0101,0.4757,0.0075,0.6527,0.0024,0.4845,0.0071,3.0,24.0,833.6509521007538,833.6509521007538,166.82463985016832
36,0.2773,0.0008,0.2011,0.0009,0.2845,0.0067,0.4775,0.0081,0.6532,0.0026,0.4858,0.0081,3.0,25.0,736.4011130332947,736.4011130332947,147.46630430588118
37,0.2747,0.0014,0.193,0.0012,0.2981,0.0098,0.479,0.0079,0.6536,0.0027,0.4893,0.0082,4.0,15.0,368.180769443512,368.180769443512,73.601090608237
38,0.2761,0.0013,0.1928,0.0019,0.2907,0.0077,0.4784,0.008,0.6535,0.0026,0.4893,0.0083,4.0,16.0,371.9552927017212,371.9552927017212,74.10667456601615
39,0.2747,0.0018,0.1978,0.0014,0.2979,0.0109,0.4759,0.0082,0.6526,0.0024,0.4843,0.0082,4.0,17.0,740.1501951217651,740.1501951217651,148.42963024030306
40,0.2728,0.0011,0.1949,0.0015,0.3074,0.0073,0.4767,0.0076,0.6529,0.0025,0.4862,0.0079,4.0,18.0,811.8615250587463,811.8615250587463,162.20099515010244
41,0.2738,0.0018,0.1968,0.0024,0.3027,0.0105,0.4771,0.0075,0.6527,0.0024,0.4856,0.007,4.0,19.0,815.8156852722168,815.8156852722168,162.85481957450904
42,0.2738,0.0012,0.1975,0.0011,0.3025,0.0058,0.4759,0.0077,0.6526,0.0024,0.4847,0.0076,4.0,20.0,650.4056334495544,650.4056334495544,130.60001160746452
43,0.2726,0.0012,0.1967,0.0012,0.3084,0.0083,0.4771,0.0079,0.6531,0.0026,0.486,0.0079,4.0,21.0,808.9094605445862,808.9094605445862,161.70108565014706
44,0.2724,0.0012,0.1959,0.0013,0.3097,0.0087,0.4775,0.0081,0.6532,0.0026,0.4869,0.0081,4.0,22.0,915.6355001926422,915.6355001926422,182.83475350087616
45,0.2735,0.001,0.1971,0.0009,0.3039,0.0062,0.4772,0.0081,0.6529,0.0025,0.4862,0.008,4.0,23.0,911.8387293815612,911.8387293815612,182.2310579229545
46,0.2733,0.0013,0.1973,0.0008,0.3053,0.0084,0.4771,0.0074,0.6533,0.0025,0.4862,0.0078,4.0,24.0,926.1502721309662,926.1502721309662,185.3035634053977
47,0.2736,0.0015,0.1966,0.0021,0.3034,0.0095,0.4764,0.0075,0.6531,0.0025,0.4863,0.0075,4.0,25.0,898.1587090492249,898.1587090492249,179.66980412136377
48,0.2733,0.0012,0.1944,0.0016,0.3049,0.0089,0.4773,0.0076,0.6527,0.0024,0.4865,0.0073,5.0,15.0,663.5673775672913,663.5673775672913,132.54312967400756
49,0.2733,0.0014,0.195,0.0017,0.3048,0.0098,0.477,0.0086,0.6527,0.0027,0.4859,0.0086,5.0,16.0,746.8617811203003,746.8617811203003,149.73690094408568
50,0.2739,0.0015,0.1928,0.0018,0.3019,0.0101,0.4778,0.0076,0.6532,0.0025,0.488,0.0079,5.0,17.0,357.6157510280609,357.6157510280609,71.4188342700135
51,0.2743,0.002,0.1921,0.0011,0.3001,0.0125,0.478,0.0083,0.6535,0.0027,0.4883,0.0088,5.0,18.0,332.7706620693207,332.7706620693207,66.31719509578183
52,0.2754,0.0028,0.1928,0.001,0.2944,0.0168,0.4778,0.0077,0.6535,0.0025,0.4883,0.0082,5.0,19.0,411.944887638092,411.944887638092,82.58111620731054
53,0.2733,0.0016,0.1932,0.0013,0.3048,0.011,0.4774,0.0081,0.6532,0.0027,0.4878,0.0082,5.0,20.0,499.6610677242279,499.6610677242279,100.19802611415352
54,0.2739,0.0017,0.1933,0.0012,0.3018,0.0109,0.4776,0.0072,0.6534,0.0023,0.4886,0.0078,5.0,21.0,433.6526679992676,433.6526679992676,86.56703498033028
55,0.2729,0.0011,0.1949,0.0016,0.3071,0.0086,0.4771,0.0076,0.6531,0.0025,0.4871,0.0072,5.0,22.0,688.0809416770935,688.0809416770935,137.33591887681084
56,0.2748,0.0021,0.193,0.0006,0.2974,0.0139,0.4772,0.0082,0.6533,0.0025,0.4883,0.0083,5.0,23.0,448.0412559509277,448.0412559509277,89.81433884366866
57,0.2737,0.0014,0.1976,0.0011,0.3029,0.0089,0.4771,0.0072,0.6531,0.0025,0.486,0.0073,5.0,24.0,882.4784324169159,882.4784324169159,176.0862217607716
58,0.2738,0.0011,0.1952,0.003,0.3025,0.0081,0.4771,0.0076,0.6534,0.0025,0.487,0.0076,5.0,25.0,703.0495517253876,703.0495517253876,140.3645860131982
59,0.2748,0.0013,0.1926,0.0021,0.2974,0.0069,0.4792,0.0091,0.6534,0.003,0.489,0.0098,6.0,15.0,334.56690788269043,334.56690788269043,67.10687080654813
60,0.2745,0.0019,0.1936,0.0011,0.2991,0.0129,0.4773,0.0074,0.6525,0.0022,0.4867,0.0073,6.0,16.0,455.3078110218048,455.3078110218048,91.05049169475649
61,0.2751,0.001,0.1935,0.0029,0.2961,0.0032,0.4784,0.0082,0.6531,0.0025,0.4881,0.0082,6.0,17.0,462.73806142807007,462.73806142807007,92.49482481589548
62,0.2743,0.0012,0.1934,0.0024,0.3001,0.0091,0.4779,0.0072,0.6531,0.0023,0.4877,0.0071,6.0,18.0,511.8783233165741,511.8783233165741,102.4462279846137
63,0.275,0.0023,0.1922,0.0005,0.2964,0.0148,0.4777,0.008,0.6533,0.0025,0.4889,0.0085,6.0,19.0,357.43251276016235,357.43251276016235,71.4559476673234
64,0.2728,0.0013,0.195,0.0012,0.3077,0.0088,0.4772,0.0082,0.6529,0.0025,0.4865,0.0084,6.0,20.0,741.2505478858948,741.2505478858948,147.99037223274635
65,0.2744,0.0017,0.1926,0.0014,0.2994,0.0107,0.4775,0.0078,0.6531,0.0026,0.488,0.008,6.0,21.0,384.5867736339569,384.5867736339569,77.17256979599263
66,0.274,0.0015,0.1929,0.0014,0.3015,0.0108,0.4775,0.0072,0.6535,0.0024,0.4881,0.0075,6.0,22.0,381.1602897644043,381.1602897644043,76.49706076345822
67,0.2737,0.0013,0.1935,0.001,0.3032,0.0089,0.4768,0.0084,0.6531,0.0027,0.4874,0.0087,6.0,23.0,510.2413601875305,510.2413601875305,102.0893385502617
68,0.274,0.0011,0.1927,0.0016,0.3013,0.0084,0.4771,0.0079,0.6533,0.0027,0.4879,0.008,6.0,24.0,571.1415286064148,571.1415286064148,114.23733252436936
69,0.2741,0.0011,0.1938,0.0013,0.3009,0.0081,0.4771,0.008,0.6533,0.0026,0.4881,0.0083,6.0,25.0,513.0407390594482,513.0407390594482,103.07607277309366
70,0.2768,0.0031,0.193,0.001,0.2871,0.0191,0.4793,0.0077,0.6535,0.0026,0.4894,0.008,7.0,15.0,377.0885202884674,377.0885202884674,75.36241748869031
71,0.2765,0.001,0.1916,0.0013,0.2886,0.0076,0.4796,0.0082,0.6535,0.0026,0.4904,0.0087,7.0,16.0,358.94636368751526,358.94636368751526,71.73735734113625
72,0.2754,0.0012,0.1927,0.0021,0.2942,0.0088,0.4788,0.0076,0.6535,0.0025,0.4891,0.0078,7.0,17.0,347.45956110954285,347.45956110954285,69.56480847175668
73,0.2754,0.0009,0.192,0.0012,0.2944,0.0066,0.4789,0.0078,0.6537,0.0024,0.4895,0.0081,7.0,18.0,353.202951669693,353.202951669693,70.93485472516707
74,0.2754,0.0019,0.1922,0.0012,0.2941,0.0117,0.4785,0.0075,0.6536,0.0024,0.4892,0.0078,7.0,19.0,361.1598267555237,361.1598267555237,72.55051950198823
75,0.2752,0.0017,0.1914,0.0012,0.2952,0.0111,0.4788,0.0074,0.654,0.0024,0.4898,0.008,7.0,20.0,352.15107893943787,352.15107893943787,70.37850126155222
76,0.2745,0.002,0.1943,0.0016,0.2988,0.0133,0.4777,0.0081,0.6532,0.0025,0.4875,0.0083,7.0,21.0,577.729177236557,577.729177236557,115.60750169650328
77,0.2759,0.0026,0.1924,0.0017,0.2917,0.0158,0.4787,0.0078,0.6537,0.0026,0.4893,0.008,7.0,22.0,381.10592913627625,381.10592913627625,75.94556913384244
78,0.2755,0.0009,0.1915,0.0015,0.2938,0.0078,0.4788,0.0082,0.6538,0.0028,0.4895,0.0086,7.0,23.0,381.4424195289612,381.4424195289612,76.22608868420899
79,0.2742,0.0012,0.192,0.0015,0.3006,0.0086,0.4782,0.008,0.6536,0.0025,0.4889,0.0083,7.0,24.0,473.1636381149292,473.1636381149292,94.46466954388998
80,0.2737,0.001,0.1947,0.0017,0.3031,0.0073,0.4772,0.0078,0.6532,0.0026,0.4873,0.0081,7.0,25.0,664.4922697544098,664.4922697544098,132.69708760042215
81,0.2762,0.0008,0.1923,0.0015,0.2904,0.0073,0.4796,0.0077,0.6536,0.0026,0.4898,0.0078,8.0,15.0,305.2525951862335,305.2525951862335,61.386834380500176
82,0.2769,0.0019,0.1921,0.001,0.2867,0.0115,0.4793,0.0082,0.6536,0.0026,0.4899,0.0085,8.0,16.0,313.6128737926483,313.6128737926483,62.56411742616844
83,0.2759,0.0016,0.1919,0.0019,0.2915,0.0113,0.4798,0.0077,0.6539,0.0026,0.4898,0.0079,8.0,17.0,305.9764189720154,305.9764189720154,61.08896261280079
84,0.2746,0.0018,0.1918,0.0014,0.2984,0.012,0.4792,0.0081,0.6538,0.0026,0.4895,0.0085,8.0,18.0,296.8110840320587,296.8110840320587,59.43538656399512
85,0.2762,0.0017,0.1917,0.0016,0.2903,0.0111,0.48,0.0081,0.654,0.0026,0.4902,0.0082,8.0,19.0,353.74664330482483,353.74664330482483,71.00889371435969
86,0.2759,0.0016,0.192,0.0011,0.2918,0.0117,0.4788,0.0074,0.6537,0.0025,0.4897,0.0079,8.0,20.0,333.1459250450134,333.1459250450134,66.72540803428045
87,0.2748,0.0011,0.1921,0.0019,0.2975,0.0075,0.4784,0.0083,0.6533,0.0025,0.4887,0.0085,8.0,21.0,388.33888125419617,388.33888125419617,78.21964727364356
88,0.2753,0.0017,0.1921,0.0014,0.2947,0.0119,0.4785,0.0073,0.6536,0.0025,0.4892,0.0077,8.0,22.0,417.9876956939697,417.9876956939697,83.58260554314371
89,0.2751,0.0016,0.1921,0.0016,0.2957,0.0098,0.478,0.0087,0.6535,0.0028,0.4886,0.0092,8.0,23.0,403.2070395946503,403.2070395946503,80.69315120697603
90,0.2749,0.0019,0.1915,0.0018,0.297,0.0127,0.4785,0.0079,0.6538,0.0024,0.4894,0.008,8.0,24.0,444.5259308815002,444.5259308815002,88.96030631109686
91,0.275,0.0011,0.1923,0.0016,0.2964,0.0083,0.4776,0.0074,0.6534,0.0025,0.4883,0.0078,8.0,25.0,456.4209749698639,456.4209749698639,91.57120487133062
92,0.2765,0.0009,0.1922,0.0012,0.2885,0.0062,0.479,0.0075,0.6534,0.0024,0.4891,0.0077,9.0,15.0,328.0215985774994,328.0215985774994,65.70576750572181
93,0.2766,0.0017,0.1918,0.0014,0.288,0.0108,0.4796,0.0079,0.6539,0.0026,0.4903,0.0083,9.0,16.0,286.15716433525085,286.15716433525085,57.20818692697274
94,0.2771,0.0022,0.1921,0.001,0.2856,0.0142,0.4791,0.0074,0.6536,0.0024,0.4898,0.0078,9.0,17.0,338.2209837436676,338.2209837436676,67.45469902975215
95,0.2763,0.0012,0.1918,0.0008,0.2897,0.0088,0.4796,0.0083,0.6539,0.0027,0.4903,0.0087,9.0,18.0,352.87287735939026,352.87287735939026,70.62346416307038
96,0.2756,0.0007,0.1921,0.0019,0.2933,0.0043,0.4791,0.0088,0.6537,0.0028,0.4895,0.0089,9.0,19.0,371.58559823036194,371.58559823036194,74.59738861233078
97,0.275,0.0007,0.1916,0.0015,0.2963,0.007,0.4785,0.007,0.6535,0.0024,0.4889,0.0073,9.0,20.0,337.9325144290924,337.9325144290924,67.50442652708692
98,0.2751,0.0012,0.1912,0.0006,0.2957,0.0092,0.4792,0.0079,0.654,0.0026,0.4901,0.0083,9.0,21.0,402.6839137077332,402.6839137077332,80.64257146522996
99,0.2747,0.0009,0.192,0.0022,0.2979,0.0072,0.4781,0.0079,0.6536,0.0026,0.4888,0.0081,9.0,22.0,369.5981328487396,369.5981328487396,73.9688561274849
100,0.2753,0.0017,0.1919,0.0013,0.2946,0.0116,0.4785,0.0081,0.6538,0.0027,0.4891,0.0084,9.0,23.0,370.9066047668457,370.9066047668457,74.3540248850454
101,0.2749,0.0013,0.1915,0.0015,0.2968,0.0082,0.478,0.0072,0.6538,0.0025,0.4891,0.0078,9.0,24.0,403.58464908599854,403.58464908599854,80.55597906907214
102,0.274,0.0012,0.1927,0.0014,0.3014,0.0085,0.4775,0.0082,0.6533,0.0026,0.488,0.0084,9.0,25.0,373.27474761009216,373.27474761009216,75.12427892812376
103,0.2769,0.0016,0.1917,0.001,0.2866,0.0113,0.4803,0.0083,0.6539,0.0026,0.4909,0.0086,10.0,15.0,358.60775899887085,358.60775899887085,71.46571957836852
104,0.2757,0.0016,0.1914,0.0009,0.2925,0.0095,0.4805,0.0087,0.654,0.0029,0.4909,0.0096,10.0,16.0,327.6413080692291,327.6413080692291,65.45515139584862
105,0.2769,0.0019,0.1923,0.0015,0.2867,0.0121,0.4797,0.0078,0.6538,0.0026,0.4897,0.0081,10.0,17.0,343.03247475624084,343.03247475624084,68.7941134594293
106,0.275,0.0003,0.192,0.0006,0.2966,0.0049,0.4792,0.0086,0.6535,0.0025,0.4896,0.0092,10.0,18.0,340.5117537975311,340.5117537975311,68.16169739400505
107,0.2738,0.0014,0.1924,0.0014,0.3023,0.0096,0.4779,0.0072,0.6533,0.0022,0.488,0.0072,10.0,19.0,409.4682235717773,409.4682235717773,82.05964194617168
108,0.2742,0.0011,0.1913,0.0016,0.3003,0.0078,0.4792,0.0081,0.6538,0.0026,0.4896,0.0084,10.0,20.0,366.0332589149475,366.0332589149475,73.107431316193
109,0.2744,0.0013,0.1919,0.0013,0.2994,0.0094,0.478,0.0077,0.6532,0.0024,0.4888,0.0074,10.0,21.0,454.91199469566345,454.91199469566345,90.96743794259662
110,0.2748,0.0011,0.1916,0.0013,0.2976,0.009,0.479,0.0085,0.6537,0.0026,0.4895,0.0088,10.0,22.0,387.3811511993408,387.3811511993408,77.47867663659594
111,0.2744,0.0015,0.1922,0.0016,0.2993,0.01,0.4776,0.0075,0.6533,0.0025,0.4884,0.0077,10.0,23.0,413.0943627357483,413.0943627357483,82.93272447005684
112,0.2748,0.0018,0.1912,0.001,0.2976,0.0117,0.4783,0.0078,0.6538,0.0028,0.4894,0.0086,10.0,24.0,453.0464427471161,453.0464427471161,90.74737435429984
113,0.2749,0.001,0.1922,0.0014,0.2969,0.0081,0.4772,0.0075,0.6533,0.0025,0.4878,0.0078,10.0,25.0,459.2371361255646,459.2371361255646,92.00676164678586
114,0.277,0.0021,0.1917,0.0015,0.2859,0.0134,0.4812,0.0089,0.6541,0.0029,0.4915,0.0093,11.0,15.0,325.6732187271118,325.6732187271118,65.00305852691501
115,0.2769,0.0014,0.1919,0.0015,0.2864,0.0091,0.4798,0.0078,0.6536,0.0025,0.4897,0.0081,11.0,16.0,321.03086590766907,321.03086590766907,64.39994970924643
116,0.2763,0.0024,0.1915,0.0011,0.2895,0.0149,0.4802,0.0081,0.6538,0.0026,0.4906,0.0085,11.0,17.0,325.45252656936646,325.45252656936646,65.13562164658705
117,0.2753,0.0013,0.1923,0.0016,0.2949,0.0101,0.4788,0.0074,0.6535,0.0023,0.4889,0.0075,11.0,18.0,388.897353887558,388.897353887558,78.05729984064719
118,0.2753,0.0011,0.1925,0.0011,0.2947,0.0086,0.4791,0.0079,0.6534,0.0025,0.4893,0.0082,11.0,19.0,345.0457010269165,345.0457010269165,69.411952236367
119,0.2753,0.0011,0.1918,0.0015,0.295,0.0091,0.4792,0.0074,0.6536,0.0024,0.4897,0.0076,11.0,20.0,355.3603971004486,355.3603971004486,71.01072626488433
120,0.2742,0.0012,0.1934,0.0014,0.3006,0.009,0.4778,0.008,0.6533,0.0024,0.4879,0.008,11.0,21.0,458.6884593963623,458.6884593963623,91.65643125318344
121,0.2754,0.0016,0.1914,0.0015,0.294,0.0107,0.4793,0.008,0.6537,0.0025,0.49,0.0081,11.0,22.0,390.6901388168335,390.6901388168335,77.96521876514623
122,0.2734,0.0013,0.1935,0.002,0.3046,0.009,0.4778,0.0085,0.6532,0.0027,0.4876,0.0086,11.0,23.0,547.6668016910553,547.6668016910553,109.5046444358678
123,0.2735,0.0012,0.1937,0.0023,0.3042,0.009,0.4775,0.0082,0.6533,0.0026,0.4876,0.0081,11.0,24.0,505.1842317581177,505.1842317581177,100.96044126183347
124,0.2749,0.0015,0.1919,0.001,0.2967,0.0103,0.4779,0.0077,0.6537,0.0025,0.4888,0.0082,11.0,25.0,470.4876666069031,470.4876666069031,94.16943420129482
125,0.2768,0.0019,0.1918,0.0009,0.2872,0.0124,0.4803,0.0083,0.6536,0.0028,0.4904,0.0087,12.0,15.0,315.31914925575256,315.31914925575256,63.034916487763766
126,0.2781,0.0024,0.1922,0.0013,0.2806,0.0156,0.4798,0.0076,0.6535,0.0024,0.4902,0.0077,12.0,16.0,353.0294888019562,353.0294888019562,70.53357790423492
127,0.275,0.0013,0.1929,0.0016,0.2966,0.009,0.479,0.0077,0.6534,0.0025,0.4885,0.0079,12.0,17.0,340.21953105926514,340.21953105926514,68.2568232390786
128,0.2756,0.0016,0.1923,0.0012,0.2931,0.0114,0.4792,0.0074,0.6536,0.0024,0.4894,0.0076,12.0,18.0,332.9325942993164,332.9325942993164,66.398942813633
129,0.2751,0.0016,0.1918,0.0012,0.2957,0.0113,0.4786,0.0083,0.6535,0.0026,0.4891,0.0082,12.0,19.0,356.9810974597931,356.9810974597931,71.48284108258889
130,0.2752,0.0005,0.192,0.0019,0.2955,0.0054,0.4794,0.0085,0.6538,0.0029,0.4895,0.0091,12.0,20.0,377.12657356262207,377.12657356262207,75.34412636708672
131,0.2741,0.0012,0.1924,0.002,0.3009,0.0085,0.4781,0.0079,0.6537,0.0025,0.4883,0.0079,12.0,21.0,407.2906687259674,407.2906687259674,81.60300744616748
132,0.2737,0.0018,0.1938,0.0018,0.303,0.0121,0.4786,0.0081,0.6535,0.0026,0.488,0.0079,12.0,22.0,553.4549148082733,553.4549148082733,110.96803527099911
133,0.2753,0.0017,0.1919,0.0013,0.2948,0.0117,0.4788,0.0078,0.6538,0.0026,0.4893,0.0081,12.0,23.0,413.5651075839996,413.5651075839996,82.65240186611511
134,0.274,0.0013,0.194,0.0022,0.3015,0.0098,0.4777,0.0083,0.6533,0.0025,0.4876,0.0079,12.0,24.0,635.7300221920013,635.7300221920013,127.2342110198549
135,0.2749,0.0015,0.1918,0.0022,0.2967,0.0108,0.4785,0.0076,0.6537,0.0024,0.4893,0.0077,12.0,25.0,467.85617756843567,467.85617756843567,93.60699408683378
136,0.277,0.0013,0.1916,0.0009,0.2862,0.0092,0.4812,0.009,0.6538,0.0033,0.4914,0.0098,13.0,15.0,330.7055010795593,330.7055010795593,65.98121573600325
137,0.2769,0.0025,0.1923,0.0014,0.2867,0.0161,0.4793,0.0074,0.6533,0.0022,0.4893,0.0075,13.0,16.0,328.5253117084503,328.5253117084503,65.75321984363845
138,0.276,0.0012,0.1921,0.0012,0.2911,0.0071,0.4791,0.0089,0.6534,0.0028,0.4894,0.0097,13.0,17.0,328.7388334274292,328.7388334274292,65.8055907865416
139,0.2755,0.0012,0.1929,0.0007,0.2937,0.0089,0.4786,0.0078,0.6532,0.0023,0.4884,0.0081,13.0,18.0,368.4363234043121,368.4363234043121,73.76983884495165
140,0.276,0.002,0.1917,0.0013,0.291,0.0131,0.4797,0.0076,0.6538,0.0024,0.4903,0.008,13.0,19.0,307.1423909664154,307.1423909664154,61.388798413919076
141,0.2752,0.0019,0.1917,0.0015,0.2953,0.0123,0.479,0.0082,0.6536,0.0026,0.4891,0.0084,13.0,20.0,280.0697455406189,280.0697455406189,56.03278756818581
142,0.2756,0.0015,0.192,0.0013,0.2934,0.0096,0.4787,0.0089,0.6535,0.003,0.4889,0.0092,13.0,21.0,352.7104067802429,352.7104067802429,70.31255916707995
143,0.2729,0.001,0.1946,0.0009,0.3069,0.0078,0.4786,0.0082,0.6533,0.0026,0.4878,0.0085,13.0,22.0,581.8641314506531,581.8641314506531,116.30120347503464
144,0.2743,0.0011,0.1926,0.0019,0.3,0.0084,0.4777,0.0079,0.6533,0.0026,0.4881,0.0086,13.0,23.0,408.5431444644928,408.5431444644928,81.81982142884051
145,0.2733,0.0012,0.194,0.0022,0.3048,0.0093,0.4777,0.0079,0.6531,0.0025,0.4874,0.0078,13.0,24.0,397.4570860862732,397.4570860862732,79.66991199472096
146,0.2748,0.0014,0.1927,0.0011,0.2972,0.0104,0.4781,0.0072,0.6534,0.0023,0.4887,0.0073,13.0,25.0,373.15115880966187,373.15115880966187,74.54576879710733
147,0.2759,0.0019,0.1917,0.0013,0.2915,0.0127,0.481,0.0079,0.654,0.0026,0.4912,0.0084,14.0,15.0,245.84625029563904,245.84625029563904,49.19019286501447
148,0.2767,0.0017,0.1918,0.0013,0.2874,0.0114,0.4803,0.0089,0.6538,0.0029,0.4905,0.0093,14.0,16.0,266.6587212085724,266.6587212085724,53.37735490673929
149,0.2767,0.0018,0.1919,0.0008,0.2877,0.0124,0.4798,0.0073,0.6536,0.0024,0.4901,0.0077,14.0,17.0,266.44922065734863,266.44922065734863,53.33014012081061
150,0.2764,0.0009,0.1917,0.0012,0.2892,0.0074,0.48,0.0078,0.654,0.0026,0.4905,0.008,14.0,18.0,271.0890018939972,271.0890018939972,54.32595509585952
151,0.2758,0.0008,0.1916,0.0013,0.2925,0.0068,0.4788,0.0076,0.6537,0.0026,0.4891,0.0078,14.0,19.0,244.50939059257507,244.50939059257507,48.5382625924383
152,0.2741,0.0017,0.1928,0.0014,0.301,0.0111,0.4786,0.0083,0.6534,0.0026,0.4885,0.0085,14.0,20.0,268.6791682243347,268.6791682243347,53.72596883083743
153,0.2749,0.0021,0.1922,0.0013,0.2968,0.0134,0.4786,0.0078,0.6533,0.0026,0.489,0.0083,14.0,21.0,329.9187834262848,329.9187834262848,66.03156340550632
154,0.2747,0.0018,0.1926,0.0013,0.2981,0.0123,0.4792,0.0079,0.6535,0.0024,0.4891,0.0077,14.0,22.0,381.5602369308472,381.5602369308472,76.11198131637872
155,0.2737,0.0014,0.1951,0.0013,0.3028,0.0096,0.4779,0.0082,0.6534,0.0026,0.4874,0.0087,14.0,23.0,602.9314682483673,602.9314682483673,120.92109079107561
156,0.2737,0.0013,0.1952,0.0006,0.3032,0.009,0.478,0.0082,0.6532,0.0026,0.4873,0.0087,14.0,24.0,594.2774834632874,594.2774834632874,118.88780854610512
157,0.2736,0.0017,0.1931,0.0018,0.3032,0.0115,0.478,0.0083,0.6532,0.0026,0.4882,0.0082,14.0,25.0,338.1816430091858,338.1816430091858,67.94900955084294
158,0.2764,0.0012,0.1916,0.0011,0.289,0.0085,0.4815,0.008,0.6541,0.0025,0.492,0.0083,15.0,15.0,292.0026648044586,292.0026648044586,58.24242835652511
159,0.2771,0.0009,0.1916,0.0009,0.2854,0.0049,0.4806,0.0085,0.6539,0.0027,0.4911,0.009,15.0,16.0,292.3630602359772,292.3630602359772,58.29115202289037
160,0.2761,0.0011,0.192,0.0016,0.2908,0.009,0.4797,0.0079,0.6536,0.0026,0.4897,0.0077,15.0,17.0,298.269229888916,298.269229888916,59.698696421976344
161,0.2761,0.0018,0.1923,0.0009,0.2908,0.0114,0.4791,0.0081,0.6534,0.0027,0.4891,0.0087,15.0,18.0,266.1077263355255,266.1077263355255,52.88580759453937
162,0.275,0.0006,0.192,0.0019,0.2966,0.0029,0.479,0.0076,0.6531,0.0021,0.4889,0.0075,15.0,19.0,294.4103753566742,294.4103753566742,58.925068189460056
163,0.2748,0.0031,0.1924,0.0012,0.2971,0.0187,0.479,0.0078,0.6535,0.0023,0.4892,0.0076,15.0,20.0,416.009566783905,416.009566783905,83.22135720318158
164,0.2743,0.0011,0.1928,0.0022,0.2999,0.0085,0.4785,0.0081,0.6534,0.0025,0.4882,0.0081,15.0,21.0,373.8925125598908,373.8925125598908,74.98163556828658
165,0.2746,0.0011,0.193,0.0017,0.2983,0.0087,0.479,0.0084,0.6534,0.0025,0.4888,0.0085,15.0,22.0,290.1173849105835,290.1173849105835,58.16368525034972
166,0.2744,0.0009,0.1933,0.0028,0.2996,0.0077,0.4782,0.0085,0.6533,0.0026,0.4879,0.0082,15.0,23.0,338.98342847824097,338.98342847824097,67.71319022567118
167,0.2742,0.0013,0.1939,0.0016,0.3003,0.0092,0.4778,0.0082,0.6532,0.0025,0.4876,0.0081,15.0,24.0,319.11480808258057,319.11480808258057,63.60346228556207
168,0.2754,0.0015,0.1925,0.0015,0.2942,0.0098,0.478,0.0078,0.6534,0.0024,0.4885,0.008,15.0,25.0,335.5621740818024,335.5621740818024,67.45489586062915
169,0.2769,0.0022,0.1914,0.0014,0.2865,0.012,0.4815,0.0093,0.6541,0.003,0.4918,0.0101,16.0,15.0,280.6859269142151,280.6859269142151,55.97876237872999
170,0.2755,0.001,0.192,0.0016,0.2938,0.008,0.4796,0.0079,0.6536,0.0027,0.4895,0.0085,16.0,16.0,249.40934228897092,249.40934228897092,49.67276354638029
171,0.2766,0.0017,0.1916,0.0011,0.2881,0.0113,0.4799,0.0083,0.6536,0.0027,0.4901,0.0087,16.0,17.0,266.42668199539185,266.42668199539185,53.06836518718609
172,0.2767,0.0018,0.1917,0.001,0.2878,0.0118,0.4797,0.0076,0.6539,0.0026,0.4904,0.0079,16.0,18.0,258.67810106277466,258.67810106277466,51.959081275662264
173,0.2752,0.0029,0.1918,0.0012,0.2952,0.0163,0.4795,0.0092,0.6538,0.0031,0.49,0.01,16.0,19.0,288.03807759284973,288.03807759284973,57.50383547768498
174,0.2745,0.0021,0.1927,0.0012,0.2988,0.012,0.4785,0.0089,0.6532,0.003,0.4886,0.0098,16.0,20.0,360.5594325065613,360.5594325065613,71.96114560807614
175,0.2746,0.0014,0.1926,0.0012,0.2984,0.0099,0.4784,0.0085,0.6532,0.0027,0.4884,0.0086,16.0,21.0,350.4108085632324,350.4108085632324,70.10969967782715
176,0.2745,0.0013,0.1927,0.0017,0.299,0.0074,0.4784,0.0084,0.6532,0.0026,0.4884,0.0087,16.0,22.0,317.679034948349,317.679034948349,63.49441804755834
177,0.2746,0.0013,0.1915,0.0014,0.2985,0.0074,0.479,0.0088,0.6538,0.0026,0.4894,0.0093,16.0,23.0,287.4957273006439,287.4957273006439,57.36352636797154
178,0.2737,0.0012,0.1933,0.0017,0.3032,0.0093,0.4777,0.0078,0.6531,0.0024,0.4879,0.0077,16.0,24.0,397.79668831825256,397.79668831825256,79.71013595704622
179,0.2733,0.0011,0.1931,0.0021,0.3051,0.0082,0.4776,0.0085,0.653,0.0026,0.4877,0.0085,16.0,25.0,313.8350646495819,313.8350646495819,62.98007602833598
180,0.2773,0.0017,0.1913,0.0014,0.2847,0.0112,0.4823,0.0074,0.6543,0.0024,0.4927,0.0075,17.0,15.0,262.70305609703064,262.70305609703064,52.737674721194104
181,0.2764,0.0015,0.1914,0.0012,0.2893,0.0104,0.4807,0.0085,0.6539,0.0028,0.491,0.0091,17.0,16.0,311.91048431396484,311.91048431396484,62.53548079672521
182,0.276,0.0007,0.1911,0.0009,0.2912,0.0058,0.4813,0.0087,0.6541,0.0028,0.4916,0.0093,17.0,17.0,306.86615562438965,306.86615562438965,61.45375623110394
183,0.2762,0.0015,0.1914,0.0014,0.29,0.0096,0.48,0.0087,0.6539,0.0028,0.4906,0.0092,17.0,18.0,343.74252223968506,343.74252223968506,68.39332684794465
184,0.2763,0.0024,0.1911,0.0012,0.2897,0.0149,0.4808,0.0087,0.6537,0.0025,0.4915,0.0092,17.0,19.0,290.9296307563782,290.9296307563782,58.51977631255103
185,0.2745,0.0023,0.1925,0.0019,0.299,0.0142,0.4782,0.0087,0.6528,0.0027,0.4883,0.0092,17.0,20.0,276.92626690864563,276.92626690864563,55.44565122380064
186,0.2741,0.0021,0.1915,0.0012,0.3011,0.011,0.4789,0.0088,0.6537,0.0027,0.4893,0.0095,17.0,21.0,304.37861943244934,304.37861943244934,60.99735517201
187,0.2756,0.0012,0.1918,0.0013,0.2931,0.0088,0.4791,0.0078,0.6536,0.0026,0.4896,0.008,17.0,22.0,321.72551226615906,321.72551226615906,64.5680949178213
188,0.2744,0.0018,0.192,0.002,0.2994,0.0119,0.4785,0.0077,0.6534,0.0025,0.489,0.0078,17.0,23.0,282.77808952331543,282.77808952331543,56.842288405239486
189,0.2749,0.0013,0.1915,0.0013,0.2971,0.0097,0.4781,0.008,0.6533,0.0025,0.4889,0.0081,17.0,24.0,271.7450773715973,271.7450773715973,54.4326950765813
190,0.2749,0.0015,0.1921,0.0019,0.2968,0.0105,0.4785,0.0085,0.6534,0.0027,0.4889,0.0087,17.0,25.0,308.52688813209534,308.52688813209534,61.7924868582782
191,0.2773,0.0019,0.1917,0.001,0.2843,0.012,0.481,0.0081,0.6539,0.0026,0.4914,0.0086,18.0,15.0,260.286589384079,260.286589384079,51.93747302132386
192,0.2767,0.0013,0.1917,0.0012,0.2874,0.0091,0.4805,0.0081,0.6536,0.0027,0.4907,0.0085,18.0,16.0,248.34714317321777,248.34714317321777,49.67604658487131
193,0.2779,0.0013,0.1917,0.0012,0.2813,0.009,0.4806,0.008,0.6538,0.0027,0.491,0.0084,18.0,17.0,237.9590880870819,237.9590880870819,47.420985365253514
194,0.2749,0.001,0.1919,0.0006,0.2969,0.0072,0.4792,0.0091,0.6538,0.0028,0.4897,0.0099,18.0,18.0,280.44717717170715,280.44717717170715,55.94544732791305
195,0.275,0.0019,0.1912,0.0015,0.2965,0.0113,0.4798,0.0079,0.6539,0.0026,0.4904,0.0082,18.0,19.0,278.94919538497925,278.94919538497925,55.61112419653301
196,0.2755,0.0013,0.1907,0.0011,0.294,0.0099,0.4804,0.0089,0.6539,0.0028,0.4912,0.0093,18.0,20.0,351.62958550453186,351.62958550453186,70.29471232270693
197,0.2751,0.0016,0.1916,0.001,0.2958,0.0103,0.4792,0.0074,0.6537,0.0025,0.49,0.0078,18.0,21.0,275.9051938056946,275.9051938056946,55.39085739872292
198,0.2743,0.0013,0.1929,0.0017,0.3,0.0075,0.4786,0.0085,0.6532,0.0027,0.4883,0.0089,18.0,22.0,363.6394860744476,363.6394860744476,73.36209216954757
199,0.274,0.0006,0.1922,0.0018,0.3015,0.0059,0.4786,0.0076,0.6534,0.0024,0.4887,0.0077,18.0,23.0,268.2444610595703,268.2444610595703,53.68679213942365
200,0.2738,0.0016,0.1926,0.0011,0.3022,0.0115,0.4787,0.0077,0.6534,0.0024,0.489,0.0077,18.0,24.0,276.5238564014435,276.5238564014435,55.03508866273747
201,0.2741,0.0012,0.1929,0.0014,0.3007,0.0087,0.4781,0.0082,0.6531,0.0026,0.488,0.0083,18.0,25.0,315.2526648044586,315.2526648044586,63.30352962686298
202,0.2779,0.0009,0.1917,0.0011,0.2817,0.0073,0.4813,0.0085,0.6539,0.0028,0.4915,0.0093,19.0,15.0,346.0024755001068,346.0024755001068,69.14033832472616
203,0.2768,0.0018,0.1913,0.0012,0.2872,0.0125,0.4818,0.008,0.654,0.0026,0.4922,0.0082,19.0,16.0,297.30408000946045,297.30408000946045,59.328694283096695
204,0.2758,0.0014,0.1911,0.0009,0.2921,0.0091,0.4809,0.0085,0.6538,0.0026,0.4913,0.0091,19.0,17.0,343.4128723144531,343.4128723144531,68.72454435847524
205,0.2754,0.0018,0.1911,0.0012,0.2942,0.0118,0.4802,0.0078,0.654,0.0026,0.4906,0.008,19.0,18.0,282.3164756298065,282.3164756298065,56.21517020605006
206,0.2749,0.0011,0.1923,0.0012,0.2969,0.0072,0.4792,0.0078,0.6534,0.0024,0.4893,0.008,19.0,19.0,260.9785807132721,260.9785807132721,52.24020877545614
207,0.2751,0.0014,0.1912,0.0009,0.2961,0.0099,0.4798,0.0086,0.6538,0.0027,0.4903,0.0091,19.0,20.0,281.48821902275085,281.48821902275085,56.27996869991035
208,0.2742,0.0025,0.1917,0.0019,0.3006,0.0152,0.4786,0.0097,0.6534,0.0027,0.4888,0.0101,19.0,21.0,370.9333939552307,370.9333939552307,74.20635437240924
209,0.276,0.0011,0.1914,0.0007,0.2912,0.0085,0.4798,0.0079,0.6539,0.0027,0.4905,0.0084,19.0,22.0,332.0342969894409,332.0342969894409,66.48314264873002
210,0.2756,0.0008,0.1913,0.0016,0.2935,0.0069,0.4788,0.008,0.6532,0.0027,0.4895,0.0085,19.0,23.0,362.5243880748749,362.5243880748749,72.51837606642313
211,0.2747,0.0017,0.1908,0.0013,0.2981,0.0108,0.479,0.0078,0.6529,0.0029,0.4896,0.0082,19.0,24.0,300.31140780448914,300.31140780448914,60.065549177720406
212,0.2756,0.0016,0.1914,0.0012,0.2932,0.0104,0.4792,0.0086,0.6537,0.0026,0.4901,0.009,19.0,25.0,312.44861364364624,312.44861364364624,62.54658563252884
213,0.278,0.0016,0.1916,0.001,0.2809,0.0106,0.482,0.0086,0.6538,0.0026,0.4926,0.009,20.0,15.0,270.2146279811859,270.2146279811859,54.12600572147141
214,0.2771,0.001,0.1912,0.001,0.2855,0.0081,0.4814,0.0081,0.6541,0.0026,0.4922,0.0084,20.0,16.0,324.50275230407715,324.50275230407715,64.69425396875239
215,0.2759,0.0008,0.1921,0.0014,0.2918,0.0064,0.4794,0.0079,0.6534,0.0025,0.4894,0.0079,20.0,17.0,315.8987123966217,315.8987123966217,62.893744227587256
216,0.2759,0.001,0.1921,0.001,0.2918,0.0078,0.4792,0.008,0.6533,0.0024,0.4894,0.0081,20.0,18.0,266.68705129623413,266.68705129623413,53.32508264881239
217,0.2757,0.0013,0.1911,0.0011,0.293,0.0101,0.4802,0.0087,0.6538,0.0027,0.4907,0.009,20.0,19.0,310.94985938072205,310.94985938072205,61.90342477815759
218,0.2742,0.0021,0.1916,0.0017,0.3004,0.0131,0.4786,0.0085,0.6537,0.0027,0.4891,0.009,20.0,20.0,300.68799901008606,300.68799901008606,60.15510609620155
219,0.275,0.0011,0.1912,0.0012,0.2962,0.007,0.4795,0.0079,0.6537,0.0027,0.4901,0.0083,20.0,21.0,293.72029542922974,293.72029542922974,58.93180846098241
220,0.2749,0.0011,0.1913,0.0011,0.2967,0.008,0.4795,0.0084,0.6537,0.0027,0.4901,0.0092,20.0,22.0,298.4246318340301,298.4246318340301,59.806348701189236
221,0.2759,0.0017,0.1914,0.0013,0.2917,0.0117,0.4787,0.0067,0.6536,0.0024,0.4893,0.007,20.0,23.0,297.0881838798523,297.0881838798523,59.20800269460537
222,0.2754,0.0011,0.1918,0.0014,0.2942,0.007,0.4787,0.0076,0.6536,0.0024,0.4893,0.0075,20.0,24.0,370.02893328666687,370.02893328666687,73.83373416694187
223,0.2744,0.0014,0.1929,0.0017,0.2992,0.0102,0.4784,0.0077,0.6532,0.0024,0.4883,0.0075,20.0,25.0,386.4252595901489,386.4252595901489,77.35071217702995
224,0.29,0.0007,0.2072,0.0008,0.2178,0.0058,0.474,0.0099,0.6507,0.0029,0.4819,0.01,2.0,6.0,824.8757169246674,824.8757169246674,164.89488382390678
225,0.2838,0.0009,0.1977,0.002,0.2507,0.0072,0.4838,0.0054,0.6544,0.0018,0.4938,0.0056,4.0,6.0,404.2610459327698,404.2610459327698,80.78887812754354
226,0.287,0.0024,0.1967,0.0017,0.2335,0.0164,0.4884,0.0097,0.6553,0.0029,0.4985,0.0103,6.0,6.0,294.2511100769043,294.2511100769043,58.96960331163046
227,0.2868,0.0023,0.1968,0.0013,0.2346,0.0155,0.489,0.0087,0.6557,0.0027,0.4995,0.0093,8.0,6.0,316.7772481441498,316.7772481441498,63.15799229013843
228,0.2884,0.0015,0.1971,0.0012,0.2263,0.0106,0.4906,0.0094,0.6559,0.0029,0.5012,0.01,10.0,6.0,322.8646950721741,322.8646950721741,64.49269207245258
229,0.29,0.0025,0.1979,0.0022,0.2173,0.0168,0.4897,0.0094,0.6553,0.0031,0.5004,0.0099,12.0,6.0,303.9514117240906,303.9514117240906,60.630265849601194
230,0.2874,0.0024,0.1963,0.0012,0.2316,0.0161,0.4928,0.0092,0.6557,0.0028,0.5034,0.0096,14.0,6.0,338.5716850757599,338.5716850757599,67.50571111554491
231,0.2837,0.0008,0.2035,0.001,0.2512,0.0068,0.476,0.0086,0.6517,0.0027,0.4838,0.0088,2.0,8.0,828.4124720096588,828.4124720096588,165.51107876419752
232,0.2815,0.0021,0.194,0.0013,0.2629,0.0132,0.4834,0.0087,0.654,0.0026,0.4936,0.0091,4.0,8.0,310.162180185318,310.162180185318,62.167928470932885
233,0.2822,0.0022,0.1939,0.0015,0.2592,0.0146,0.484,0.0078,0.6541,0.0023,0.4941,0.008,6.0,8.0,302.37754464149475,302.37754464149475,60.48587300619543
234,0.2825,0.0022,0.1934,0.0014,0.2577,0.0141,0.4869,0.0088,0.6549,0.0027,0.4969,0.0092,8.0,8.0,330.5351252555847,330.5351252555847,65.93119292534993
235,0.2824,0.0021,0.1941,0.0016,0.2578,0.0144,0.4865,0.0089,0.6549,0.0028,0.4966,0.0092,10.0,8.0,300.2727930545807,300.2727930545807,60.00833828939754
236,0.2829,0.0015,0.1936,0.0008,0.2553,0.0114,0.4872,0.0085,0.655,0.0026,0.4976,0.0088,12.0,8.0,307.2396173477173,307.2396173477173,61.120162008119024
237,0.285,0.0034,0.1943,0.0016,0.244,0.0205,0.4878,0.0085,0.6553,0.0026,0.4982,0.0087,14.0,8.0,292.9787487983704,292.9787487983704,58.44908719815735
238,0.2927,0.0013,0.2092,0.0009,0.2027,0.0104,0.476,0.0092,0.6509,0.0027,0.4837,0.0093,2.0,5.0,649.1870577335358,649.1870577335358,130.26732645368062
239,0.29,0.0007,0.2072,0.0008,0.2178,0.0058,0.474,0.0099,0.6507,0.0029,0.4819,0.01,2.0,6.0,714.5741817951202,714.5741817951202,142.8967875890909
240,0.2843,0.0007,0.2036,0.0007,0.2477,0.0065,0.4775,0.0086,0.6526,0.0027,0.4855,0.0088,2.0,7.0,702.4142282009125,702.4142282009125,140.62917742558858
241,0.2837,0.0008,0.2035,0.001,0.2512,0.0068,0.476,0.0086,0.6517,0.0027,0.4838,0.0088,2.0,8.0,779.2378056049347,779.2378056049347,155.83446344595805
242,0.2832,0.0011,0.2037,0.0007,0.254,0.0082,0.4764,0.0086,0.6522,0.0027,0.4846,0.009,2.0,9.0,720.2643942832947,720.2643942832947,144.1225127037073
243,0.2821,0.0021,0.2033,0.0018,0.2593,0.0131,0.4743,0.0086,0.6512,0.003,0.4823,0.0094,2.0,10.0,806.0170793533325,806.0170793533325,161.33606748860234
244,0.2806,0.0021,0.2019,0.0014,0.2675,0.0096,0.4758,0.0079,0.6522,0.0025,0.4849,0.0072,2.0,11.0,770.8827321529388,770.8827321529388,153.9556231110825
245,0.2763,0.0009,0.1971,0.0008,0.2899,0.0075,0.4783,0.0085,0.6534,0.0028,0.4874,0.0086,2.0,12.0,516.5594806671143,516.5594806671143,103.30570888196807
246,0.2819,0.0012,0.2033,0.0009,0.2607,0.0087,0.4744,0.0079,0.6515,0.0026,0.4829,0.008,2.0,13.0,750.8425829410553,750.8425829410553,150.48428962709437
247,0.2806,0.0014,0.2027,0.0012,0.2674,0.01,0.4744,0.0085,0.6516,0.0027,0.4827,0.0085,2.0,14.0,851.6128239631653,851.6128239631653,170.16346468262242
248,0.288,0.0023,0.2028,0.0016,0.2282,0.0146,0.4814,0.0087,0.6536,0.0029,0.4912,0.0092,3.0,5.0,399.2953083515167,399.2953083515167,79.7457736995569
249,0.2852,0.0016,0.1981,0.0015,0.2434,0.0095,0.4832,0.009,0.6543,0.0026,0.493,0.0093,3.0,6.0,347.2894444465637,347.2894444465637,69.39635063383935
250,0.2793,0.0008,0.1979,0.0011,0.2743,0.0067,0.4795,0.0089,0.6534,0.0029,0.489,0.0087,3.0,7.0,479.3278021812439,479.3278021812439,95.91936525088403
251,0.2773,0.0016,0.1967,0.0009,0.2846,0.0107,0.4793,0.0088,0.6531,0.0028,0.489,0.0091,3.0,8.0,614.50266289711,614.50266289711,123.00551615215119
252,0.2765,0.0011,0.1958,0.0015,0.2885,0.009,0.48,0.0078,0.6535,0.0025,0.4894,0.0076,3.0,9.0,452.5238311290741,452.5238311290741,90.75824855677855
253,0.2753,0.0012,0.1955,0.0015,0.295,0.0074,0.4791,0.0085,0.6534,0.0027,0.4889,0.0086,3.0,10.0,416.9270350933075,416.9270350933075,83.48530666535524
254,0.2765,0.0031,0.1943,0.0014,0.2888,0.0185,0.4799,0.0085,0.6535,0.0027,0.4897,0.0084,3.0,11.0,416.0254600048065,416.0254600048065,83.19268137580166
255,0.2768,0.0007,0.1989,0.0008,0.2872,0.0064,0.4758,0.0081,0.652,0.0027,0.4837,0.0085,3.0,12.0,669.1790883541107,669.1790883541107,134.0876510967443
256,0.2757,0.0015,0.1978,0.0011,0.2927,0.0092,0.4769,0.0083,0.6522,0.0026,0.4846,0.0083,3.0,13.0,704.8091747760773,704.8091747760773,141.10265715964377
257,0.2764,0.0026,0.1991,0.0023,0.2894,0.0131,0.4753,0.0071,0.652,0.0022,0.4833,0.0064,3.0,14.0,701.7134652137756,701.7134652137756,140.04355713950375
258,0.2915,0.0023,0.2003,0.0012,0.2092,0.0155,0.4881,0.0086,0.6555,0.0027,0.4984,0.0091,4.0,5.0,335.0054247379303,335.0054247379303,67.50635859565726
259,0.2838,0.0009,0.1977,0.002,0.2507,0.0072,0.4838,0.0054,0.6544,0.0018,0.4938,0.0056,4.0,6.0,385.22407603263855,385.22407603263855,77.39879948416706
260,0.2839,0.0011,0.1953,0.0011,0.2501,0.0093,0.4851,0.0087,0.6549,0.0027,0.4951,0.0087,4.0,7.0,279.42784357070923,279.42784357070923,55.851925869588435
261,0.2815,0.0021,0.194,0.0013,0.2629,0.0132,0.4834,0.0087,0.654,0.0026,0.4936,0.0091,4.0,8.0,298.79330611228943,298.79330611228943,59.834243242805584
262,0.2801,0.0019,0.1935,0.0011,0.27,0.0117,0.4831,0.0077,0.6541,0.0024,0.4933,0.0081,4.0,9.0,286.375173330307,286.375173330307,57.53990641606057
263,0.2789,0.0016,0.1931,0.0015,0.2762,0.0114,0.481,0.0081,0.6538,0.0026,0.4912,0.0085,4.0,10.0,280.1527009010315,280.1527009010315,55.996100021666926
264,0.2756,0.0019,0.1953,0.0013,0.2935,0.013,0.4776,0.0075,0.6524,0.0022,0.4862,0.0069,4.0,11.0,569.1854219436646,569.1854219436646,113.98315474680832
265,0.2739,0.0015,0.1945,0.0016,0.3022,0.0099,0.4773,0.0081,0.6526,0.0025,0.4865,0.008,4.0,12.0,599.9158961772919,599.9158961772919,120.20409493017267
266,0.2743,0.0013,0.1945,0.001,0.2997,0.009,0.4774,0.0087,0.6527,0.0028,0.4864,0.0094,4.0,13.0,587.1015253067017,587.1015253067017,117.21733987979346
267,0.2745,0.0011,0.1935,0.0015,0.2991,0.0066,0.4785,0.0081,0.6531,0.0026,0.4882,0.0084,4.0,14.0,383.2819092273712,383.2819092273712,76.53591547475767
268,0.2915,0.003,0.2004,0.0021,0.2093,0.0196,0.4873,0.0083,0.655,0.0028,0.4972,0.0086,5.0,5.0,291.34714913368225,291.34714913368225,58.453711506298575
269,0.2872,0.0017,0.1973,0.0011,0.2328,0.0119,0.4875,0.0082,0.6549,0.0023,0.4977,0.0085,5.0,6.0,300.4128878116608,300.4128878116608,60.174740457761935
270,0.2837,0.0015,0.195,0.0011,0.2513,0.0105,0.485,0.0089,0.6546,0.0027,0.4953,0.0099,5.0,7.0,303.1339383125305,303.1339383125305,60.81154697456889
271,0.2817,0.0026,0.1944,0.0013,0.2615,0.0165,0.4831,0.0085,0.6539,0.0027,0.4932,0.0087,5.0,8.0,296.52091813087463,296.52091813087463,59.27767002324419
272,0.2796,0.0033,0.1937,0.0007,0.2726,0.0201,0.4827,0.0079,0.654,0.0022,0.4927,0.0083,5.0,9.0,320.01209354400635,320.01209354400635,63.94461766661043
273,0.2809,0.0007,0.1929,0.0009,0.2659,0.0063,0.4836,0.0078,0.6542,0.0024,0.4935,0.0079,5.0,10.0,293.3095066547394,293.3095066547394,58.2621734358312
274,0.279,0.0012,0.1927,0.0014,0.2757,0.0084,0.4815,0.0082,0.6539,0.0027,0.4918,0.0088,5.0,11.0,302.72224044799805,302.72224044799805,60.31524800429813
275,0.278,0.0021,0.1924,0.0014,0.281,0.0132,0.4819,0.0082,0.6542,0.0026,0.4923,0.0084,5.0,12.0,284.40562319755554,284.40562319755554,56.89053785844281
276,0.274,0.0011,0.1948,0.0009,0.3015,0.0082,0.4773,0.0081,0.6528,0.0025,0.4866,0.0081,5.0,13.0,454.39684295654297,454.39684295654297,91.04428003522145
277,0.2761,0.0035,0.1937,0.0009,0.2903,0.0211,0.4788,0.0076,0.6533,0.0023,0.4888,0.0081,5.0,14.0,390.87998366355896,390.87998366355896,78.28223240601893
278,0.2898,0.0018,0.1993,0.0013,0.2185,0.0121,0.4895,0.0085,0.6558,0.0028,0.4995,0.009,6.0,5.0,284.45290517807007,284.45290517807007,56.864932640808476
279,0.287,0.0024,0.1967,0.0017,0.2335,0.0164,0.4884,0.0097,0.6553,0.0029,0.4985,0.0103,6.0,6.0,272.2513659000397,272.2513659000397,54.3959188667098
280,0.2841,0.0018,0.1954,0.0011,0.2491,0.0123,0.4851,0.0098,0.6546,0.0029,0.4951,0.0102,6.0,7.0,317.85312485694885,317.85312485694885,63.61406089791743
281,0.2822,0.0022,0.1939,0.0015,0.2592,0.0146,0.484,0.0078,0.6541,0.0023,0.4941,0.008,6.0,8.0,281.08823347091675,281.08823347091675,56.233288930401784
282,0.2809,0.0027,0.1932,0.0013,0.2656,0.0166,0.4842,0.0087,0.6545,0.0028,0.4941,0.0092,6.0,9.0,288.480509519577,288.480509519577,57.977011006903346
283,0.2798,0.0007,0.1926,0.0011,0.2717,0.006,0.4827,0.0076,0.6541,0.0025,0.4928,0.0077,6.0,10.0,277.8496916294098,277.8496916294098,55.59922647997762
284,0.2796,0.0014,0.1924,0.0009,0.2724,0.0096,0.4832,0.0086,0.6543,0.0026,0.4934,0.0092,6.0,11.0,260.7022662162781,260.7022662162781,51.84420405081616
285,0.2766,0.0021,0.193,0.0009,0.2879,0.0136,0.4798,0.0081,0.6534,0.0026,0.4897,0.0083,6.0,12.0,326.9751076698303,326.9751076698303,65.14050990695961
286,0.2774,0.0019,0.1926,0.001,0.2842,0.013,0.4796,0.0081,0.6534,0.0025,0.4897,0.0085,6.0,13.0,354.0157148838043,354.0157148838043,71.10689484415359
287,0.2768,0.0023,0.1917,0.0011,0.2873,0.0134,0.4803,0.0082,0.6539,0.0028,0.4907,0.0085,6.0,14.0,308.35506200790405,308.35506200790405,61.436780309290796
288,0.2919,0.0021,0.2007,0.0018,0.2074,0.0145,0.4884,0.0088,0.6554,0.0031,0.4988,0.0092,7.0,5.0,262.18671917915344,262.18671917915344,52.590243326437395
289,0.2873,0.0022,0.1972,0.0014,0.2322,0.0147,0.4888,0.0089,0.6552,0.0028,0.4989,0.0091,7.0,6.0,271.59499955177307,271.59499955177307,54.26532536331274
290,0.2855,0.0014,0.1954,0.0015,0.2414,0.0105,0.4873,0.0092,0.6553,0.0028,0.4972,0.0095,7.0,7.0,276.35159254074097,276.35159254074097,55.2363668493677
291,0.2825,0.0026,0.1946,0.0017,0.2575,0.0168,0.4847,0.0097,0.6545,0.0029,0.4948,0.0103,7.0,8.0,261.9282660484314,261.9282660484314,52.358826653132596
292,0.2807,0.0016,0.1932,0.0014,0.267,0.011,0.4845,0.0084,0.6545,0.0026,0.4947,0.0088,7.0,9.0,286.98877024650574,286.98877024650574,57.642031041192986
293,0.2794,0.0016,0.1927,0.0011,0.2735,0.0101,0.483,0.0089,0.6542,0.0027,0.4931,0.0092,7.0,10.0,282.4845986366272,282.4845986366272,56.45835136161665
294,0.2791,0.0012,0.1922,0.001,0.2751,0.0089,0.4826,0.0075,0.6541,0.0023,0.4929,0.0078,7.0,11.0,305.49163603782654,305.49163603782654,61.09166335099628
295,0.2781,0.0019,0.1919,0.0016,0.2803,0.0133,0.4822,0.0074,0.654,0.0024,0.4923,0.0079,7.0,12.0,305.9709815979004,305.9709815979004,60.88803562010018
296,0.2775,0.0021,0.1926,0.0017,0.2836,0.0125,0.4807,0.0081,0.6539,0.0027,0.4909,0.0086,7.0,13.0,291.58088636398315,291.58088636398315,58.357515375138235
297,0.2768,0.002,0.1919,0.0012,0.2869,0.0134,0.4797,0.0078,0.6536,0.0025,0.4902,0.008,7.0,14.0,295.42348861694336,295.42348861694336,59.190906224784285
298,0.2911,0.0023,0.1998,0.0015,0.2118,0.0157,0.4897,0.0091,0.6557,0.0027,0.5001,0.0093,8.0,5.0,262.19374680519104,262.19374680519104,52.48657847716897
299,0.2868,0.0023,0.1968,0.0013,0.2346,0.0155,0.489,0.0087,0.6557,0.0027,0.4995,0.0093,8.0,6.0,281.23830938339233,281.23830938339233,56.52724112889582
300,0.2847,0.0012,0.1956,0.0014,0.2456,0.0096,0.4866,0.0099,0.655,0.0031,0.4969,0.0106,8.0,7.0,262.13652300834656,262.13652300834656,52.43833887262536
301,0.2825,0.0022,0.1934,0.0014,0.2577,0.0141,0.4869,0.0088,0.6549,0.0027,0.4969,0.0092,8.0,8.0,302.4692244529724,302.4692244529724,60.55364038181829
302,0.2803,0.0009,0.1926,0.0011,0.2688,0.0078,0.4858,0.0086,0.6549,0.0026,0.4963,0.0089,8.0,9.0,298.535596370697,298.535596370697,60.036820076193045
303,0.2799,0.0022,0.1927,0.0012,0.2708,0.0135,0.4833,0.0079,0.6543,0.0024,0.4938,0.0083,8.0,10.0,301.2458827495575,301.2458827495575,59.939173712039874
304,0.2793,0.0017,0.1926,0.0014,0.2741,0.0115,0.4817,0.0082,0.6538,0.0027,0.4918,0.0086,8.0,11.0,299.2356288433075,299.2356288433075,59.75596069910163
305,0.2773,0.0017,0.1923,0.0013,0.2844,0.0116,0.4804,0.0076,0.6535,0.0025,0.4904,0.008,8.0,12.0,310.36754155159,310.36754155159,62.35874006072186
306,0.2782,0.0023,0.1923,0.0014,0.2798,0.0149,0.482,0.0087,0.6542,0.0029,0.4921,0.0092,8.0,13.0,294.1433155536652,294.1433155536652,59.015888940395264
307,0.277,0.0006,0.192,0.0012,0.2862,0.0057,0.4802,0.0082,0.6536,0.0027,0.4903,0.0086,8.0,14.0,288.74521255493164,288.74521255493164,57.88471853075442
308,0.2918,0.0019,0.2004,0.0014,0.2078,0.0139,0.4901,0.0095,0.6559,0.0031,0.5006,0.0103,9.0,5.0,292.2704336643219,292.2704336643219,58.620616880757275
309,0.2868,0.0016,0.1966,0.001,0.2346,0.0118,0.4894,0.009,0.6556,0.0028,0.4999,0.0096,9.0,6.0,281.0632538795471,281.0632538795471,56.27806401773363
310,0.2851,0.0015,0.1951,0.0009,0.2438,0.0108,0.4887,0.0091,0.6556,0.0027,0.4991,0.0094,9.0,7.0,293.0195429325104,293.0195429325104,58.93022807200853
311,0.2825,0.001,0.1939,0.0013,0.2574,0.0073,0.4866,0.0091,0.6552,0.0028,0.497,0.0095,9.0,8.0,294.5825831890106,294.5825831890106,58.99206847174827
312,0.2811,0.0007,0.193,0.001,0.2648,0.0048,0.4854,0.0093,0.6546,0.003,0.4958,0.0101,9.0,9.0,287.72077918052673,287.72077918052673,57.592129257284405
313,0.2798,0.0014,0.1924,0.001,0.2716,0.0101,0.4841,0.0082,0.6546,0.0027,0.4946,0.0086,9.0,10.0,293.71698355674744,293.71698355674744,58.77518844617462
314,0.2807,0.0019,0.1927,0.0013,0.2671,0.012,0.4828,0.0089,0.6542,0.0027,0.4931,0.0094,9.0,11.0,325.61911702156067,325.61911702156067,65.1623961954222
315,0.2781,0.0017,0.1921,0.0015,0.2802,0.0114,0.4827,0.0088,0.6543,0.0028,0.4933,0.0092,9.0,12.0,286.1669080257416,286.1669080257416,57.001978148985145
316,0.2782,0.0013,0.1918,0.001,0.2799,0.0097,0.4818,0.0082,0.6541,0.0028,0.492,0.0086,9.0,13.0,307.02850365638733,307.02850365638733,61.55983534217014
317,0.2758,0.0013,0.1925,0.0012,0.2921,0.0093,0.4796,0.0075,0.6534,0.0025,0.4896,0.0077,9.0,14.0,320.77311062812805,320.77311062812805,64.12853417886895
318,0.292,0.0024,0.2007,0.0015,0.2069,0.0163,0.4898,0.0077,0.6552,0.0024,0.5,0.0081,10.0,5.0,263.9792003631592,263.9792003631592,53.16022309220392
319,0.2884,0.0015,0.1971,0.0012,0.2263,0.0106,0.4906,0.0094,0.6559,0.0029,0.5012,0.01,10.0,6.0,286.4009068012237,286.4009068012237,57.26505126612705
320,0.2841,0.0017,0.1952,0.0013,0.2489,0.0109,0.4876,0.0094,0.6553,0.0028,0.4979,0.01,10.0,7.0,288.56163144111633,288.56163144111633,57.796509945058396
321,0.2824,0.0021,0.1941,0.0016,0.2578,0.0144,0.4865,0.0089,0.6549,0.0028,0.4966,0.0092,10.0,8.0,267.2899293899536,267.2899293899536,53.50730631524299
322,0.2806,0.0021,0.1928,0.0013,0.2674,0.014,0.4852,0.0088,0.6547,0.0028,0.4955,0.009,10.0,9.0,296.73000383377075,296.73000383377075,59.220889359732304
323,0.2803,0.0019,0.1928,0.0017,0.2692,0.0117,0.4837,0.01,0.6542,0.003,0.494,0.0107,10.0,10.0,267.99052929878235,267.99052929878235,53.79653322546017
324,0.2802,0.0016,0.1925,0.0007,0.2693,0.0106,0.4838,0.0084,0.6542,0.0027,0.4939,0.0089,10.0,11.0,301.8647975921631,301.8647975921631,60.75397224654463
325,0.2769,0.0027,0.1919,0.0015,0.2865,0.0166,0.4817,0.0074,0.6538,0.0024,0.4917,0.0077,10.0,12.0,277.4233908653259,277.4233908653259,55.481722729133224
326,0.2777,0.0016,0.1921,0.0015,0.2822,0.0111,0.4816,0.0082,0.6539,0.0026,0.4916,0.0082,10.0,13.0,296.8370635509491,296.8370635509491,59.30731695307274
327,0.2775,0.0009,0.192,0.0012,0.2837,0.007,0.4802,0.0082,0.6536,0.0027,0.4905,0.0089,10.0,14.0,336.1108479499817,336.1108479499817,67.15116384378527
328,0.2915,0.0018,0.1996,0.0017,0.2096,0.0133,0.493,0.0093,0.656,0.0033,0.5034,0.0101,11.0,5.0,389.4027132987976,389.4027132987976,77.50207028109605
329,0.2887,0.002,0.1972,0.0016,0.2243,0.0137,0.4896,0.0089,0.6554,0.0027,0.4999,0.0093,11.0,6.0,269.51546144485474,269.51546144485474,53.86752966023035
330,0.2845,0.0024,0.1944,0.0011,0.247,0.0157,0.4893,0.01,0.6555,0.003,0.4997,0.0103,11.0,7.0,292.573121547699,292.573121547699,58.56482393274146
331,0.2839,0.0018,0.1939,0.0007,0.2498,0.0127,0.4878,0.0087,0.6552,0.0027,0.4984,0.0092,11.0,8.0,293.6011166572571,293.6011166572571,58.93117491648748
332,0.2821,0.0017,0.1936,0.0013,0.2594,0.0107,0.486,0.0085,0.6549,0.0026,0.4961,0.0087,11.0,9.0,291.31865096092224,291.31865096092224,58.45573974041444
333,0.2806,0.0014,0.1926,0.0011,0.2675,0.0091,0.4849,0.0083,0.6548,0.0027,0.4954,0.0089,11.0,10.0,293.65111112594604,293.65111112594604,58.64692240870187
334,0.2796,0.0017,0.1925,0.0013,0.2726,0.0107,0.4833,0.0085,0.6542,0.0027,0.4934,0.0089,11.0,11.0,273.85377311706543,273.85377311706543,54.715390024458316
335,0.2779,0.0016,0.1921,0.0013,0.2815,0.0095,0.4822,0.0087,0.6541,0.0029,0.4926,0.0091,11.0,12.0,305.51525831222534,305.51525831222534,61.32783272356796
336,0.2786,0.0025,0.1923,0.0016,0.278,0.0158,0.4817,0.0077,0.6535,0.0023,0.4919,0.008,11.0,13.0,289.51651668548584,289.51651668548584,57.868610557682594
337,0.2763,0.0009,0.1923,0.0013,0.2896,0.0022,0.4798,0.0079,0.6536,0.0026,0.4899,0.0083,11.0,14.0,319.94308066368103,319.94308066368103,63.88661022478509
338,0.2909,0.0018,0.1994,0.0016,0.2125,0.0131,0.4917,0.0106,0.6553,0.0034,0.5023,0.0111,12.0,5.0,296.8279495239258,296.8279495239258,59.644093594672015
339,0.29,0.0025,0.1979,0.0022,0.2173,0.0168,0.4897,0.0094,0.6553,0.0031,0.5004,0.0099,12.0,6.0,280.45304894447327,280.45304894447327,56.29812692230478
340,0.2859,0.003,0.1949,0.0014,0.2391,0.0196,0.4888,0.0078,0.6554,0.0025,0.4993,0.0081,12.0,7.0,284.98452520370483,284.98452520370483,57.00066339909582
341,0.2829,0.0015,0.1936,0.0008,0.2553,0.0114,0.4872,0.0085,0.655,0.0026,0.4976,0.0088,12.0,8.0,301.3083076477051,301.3083076477051,60.142906039985284
342,0.2797,0.0014,0.1928,0.0013,0.2721,0.0094,0.4852,0.0086,0.6546,0.0027,0.4952,0.0089,12.0,9.0,354.0424990653992,354.0424990653992,70.4061237492309
343,0.2809,0.0021,0.1928,0.0014,0.2657,0.0145,0.4844,0.0085,0.6543,0.0027,0.4948,0.0089,12.0,10.0,274.129718542099,274.129718542099,54.94388442953475
344,0.279,0.0027,0.1924,0.0015,0.2755,0.0166,0.4829,0.0103,0.6542,0.0031,0.4933,0.011,12.0,11.0,286.3530240058899,286.3530240058899,57.09133085666755
345,0.2789,0.0019,0.1924,0.001,0.2761,0.013,0.4823,0.0083,0.6543,0.0026,0.4929,0.0086,12.0,12.0,290.3115015029907,290.3115015029907,57.66975389877
346,0.2777,0.0022,0.1923,0.0012,0.2823,0.014,0.4812,0.0079,0.654,0.0027,0.4917,0.0084,12.0,13.0,282.3939583301544,282.3939583301544,56.79575577150069
347,0.2768,0.0012,0.1913,0.0015,0.287,0.0085,0.4816,0.0085,0.6541,0.0028,0.4922,0.0088,12.0,14.0,288.694078207016,288.694078207016,57.868409199605175
348,0.2915,0.0014,0.1994,0.0008,0.2095,0.0108,0.4916,0.0092,0.6541,0.0033,0.502,0.0091,13.0,5.0,309.08453488349915,309.08453488349915,61.58910533807644
349,0.2871,0.0024,0.1967,0.0011,0.2333,0.0159,0.4921,0.0088,0.655,0.0025,0.5024,0.0091,13.0,6.0,268.6645815372467,268.6645815372467,53.49003603085749
350,0.2855,0.0016,0.1949,0.0013,0.2416,0.0112,0.4882,0.01,0.6549,0.0028,0.4986,0.0104,13.0,7.0,269.6655738353729,269.6655738353729,54.10730712350891
351,0.2832,0.0018,0.194,0.001,0.2539,0.013,0.4872,0.009,0.655,0.0028,0.4974,0.0096,13.0,8.0,280.916698217392,280.916698217392,56.007745520171234
352,0.2813,0.0018,0.1928,0.0013,0.2637,0.0123,0.486,0.0093,0.6549,0.0029,0.4964,0.0096,13.0,9.0,279.5706932544708,279.5706932544708,56.17336862439974
353,0.2802,0.0017,0.1929,0.0012,0.2696,0.012,0.4842,0.0089,0.6545,0.0028,0.4945,0.0092,13.0,10.0,348.5814001560211,348.5814001560211,69.83957189372946
354,0.2794,0.0015,0.1926,0.0015,0.2738,0.0092,0.4832,0.0097,0.6542,0.003,0.4935,0.0104,13.0,11.0,295.03326773643494,295.03326773643494,59.113972851400355
355,0.2778,0.0021,0.192,0.0018,0.2818,0.0133,0.483,0.0093,0.6542,0.0028,0.4935,0.0096,13.0,12.0,336.6669113636017,336.6669113636017,67.4143213638432
356,0.2781,0.0012,0.1916,0.0008,0.2805,0.0068,0.4829,0.0074,0.6543,0.0026,0.4933,0.0077,13.0,13.0,308.2549340724945,308.2549340724945,61.68927698890369
357,0.2773,0.0014,0.1919,0.0015,0.2846,0.0096,0.4815,0.008,0.6541,0.0026,0.4919,0.0084,13.0,14.0,310.1130518913269,310.1130518913269,62.19871261810081
358,0.2911,0.0015,0.1991,0.0011,0.2118,0.011,0.4936,0.0097,0.6556,0.0029,0.5042,0.0106,14.0,5.0,340.4717140197754,340.4717140197754,68.00352673145197
359,0.2874,0.0024,0.1963,0.0012,0.2316,0.0161,0.4928,0.0092,0.6557,0.0028,0.5034,0.0096,14.0,6.0,323.99882674217224,323.99882674217224,64.81695574312133
360,0.2848,0.0016,0.1944,0.0015,0.2451,0.0108,0.4909,0.0093,0.6554,0.0029,0.5017,0.0098,14.0,7.0,331.73482275009155,331.73482275009155,66.49735386755376
361,0.285,0.0034,0.1943,0.0016,0.244,0.0205,0.4878,0.0085,0.6553,0.0026,0.4982,0.0087,14.0,8.0,271.7520318031311,271.7520318031311,54.46300430434345
362,0.2813,0.0021,0.1933,0.0014,0.2638,0.0126,0.485,0.0083,0.6545,0.0026,0.4955,0.0086,14.0,9.0,276.37273812294006,276.37273812294006,55.03555026353428
363,0.2805,0.0011,0.1928,0.0012,0.2681,0.0075,0.4851,0.009,0.6547,0.003,0.4953,0.0093,14.0,10.0,275.88118386268616,275.88118386268616,55.07615483907639
364,0.2799,0.0009,0.1924,0.0011,0.2713,0.0071,0.4839,0.0087,0.6545,0.0026,0.4943,0.009,14.0,11.0,286.20964550971985,286.20964550971985,57.292489803027806
365,0.2785,0.0015,0.1918,0.0014,0.2782,0.0109,0.4828,0.0083,0.6543,0.0028,0.4932,0.0085,14.0,12.0,273.83611965179443,273.83611965179443,54.68562098855091
366,0.2792,0.0018,0.192,0.0012,0.2746,0.0124,0.4821,0.0079,0.6541,0.0026,0.4926,0.0082,14.0,13.0,285.0396568775177,285.0396568775177,57.362863087698216
367,0.2769,0.0025,0.1919,0.0012,0.2864,0.0134,0.4809,0.0099,0.654,0.0031,0.4913,0.0106,14.0,14.0,278.59402990341187,278.59402990341187,55.640175341731556
368,0.292,0.0025,0.1991,0.0016,0.2064,0.015,0.4937,0.0092,0.6546,0.0029,0.5041,0.0091,15.0,5.0,328.82849645614624,328.82849645614624,65.73325560171392
369,0.2882,0.0017,0.1969,0.0014,0.227,0.0096,0.4877,0.0133,0.6532,0.0043,0.498,0.0138,15.0,6.0,314.84256196022034,314.84256196022034,63.12239842767953
370,0.2853,0.0032,0.1953,0.0015,0.2424,0.0202,0.4877,0.0098,0.6541,0.0031,0.4979,0.0101,15.0,7.0,266.2439730167389,266.2439730167389,53.31490115199477
371,0.2843,0.0016,0.1939,0.0012,0.2479,0.0105,0.4893,0.0109,0.655,0.0031,0.4996,0.0117,15.0,8.0,301.515881061554,301.515881061554,60.274121320869845
372,0.2812,0.0018,0.1932,0.0018,0.2643,0.0118,0.486,0.0077,0.6543,0.0026,0.4964,0.008,15.0,9.0,258.0469434261322,258.0469434261322,51.45808997945029
373,0.2805,0.0017,0.1927,0.0014,0.2681,0.0119,0.4852,0.009,0.6546,0.0027,0.4953,0.0094,15.0,10.0,274.13030219078064,274.13030219078064,54.88636324963549
374,0.2806,0.0022,0.1922,0.0016,0.2672,0.014,0.4843,0.0086,0.6546,0.0028,0.4945,0.009,15.0,11.0,298.33044934272766,298.33044934272766,59.87390915662121
375,0.2785,0.0028,0.1921,0.0011,0.2783,0.0167,0.4831,0.0081,0.6543,0.0027,0.4935,0.0084,15.0,12.0,265.67774415016174,265.67774415016174,53.231367874852
376,0.2784,0.0014,0.192,0.0011,0.279,0.0106,0.4823,0.0074,0.6541,0.0024,0.4926,0.0078,15.0,13.0,281.03313088417053,281.03313088417053,56.05098947254288
377,0.2778,0.0018,0.1918,0.0009,0.2818,0.0109,0.4825,0.0077,0.6544,0.0026,0.4931,0.0083,15.0,14.0,296.7723693847656,296.7723693847656,59.70182886834847
378,0.2907,0.0028,0.1992,0.0011,0.2138,0.0186,0.4928,0.009,0.6548,0.0026,0.5033,0.0095,16.0,5.0,285.0642931461334,285.0642931461334,56.72354305121951
379,0.2888,0.0026,0.1969,0.0018,0.224,0.017,0.4902,0.0088,0.6533,0.0023,0.5006,0.0093,16.0,6.0,306.63597083091736,306.63597083091736,61.01065703782292
380,0.2859,0.0014,0.1947,0.0013,0.2393,0.0108,0.491,0.0102,0.6556,0.0032,0.5013,0.0108,16.0,7.0,339.19805884361267,339.19805884361267,68.03172321361399
381,0.2835,0.0018,0.1941,0.0014,0.252,0.0125,0.4875,0.0084,0.654,0.0025,0.4977,0.0087,16.0,8.0,268.0130343437195,268.0130343437195,53.64777496446444
382,0.2823,0.0032,0.1931,0.0015,0.2582,0.0197,0.4876,0.0095,0.6544,0.0029,0.498,0.0096,16.0,9.0,309.048691034317,309.048691034317,61.6998384976026
383,0.2814,0.0013,0.1924,0.0013,0.2632,0.0087,0.4868,0.0089,0.6547,0.0027,0.4972,0.0094,16.0,10.0,295.40267872810364,295.40267872810364,58.86082160010967
384,0.2794,0.0012,0.1918,0.0009,0.2737,0.0095,0.4839,0.0083,0.6543,0.0027,0.4943,0.0086,16.0,11.0,284.8722665309906,284.8722665309906,57.438613274054184
385,0.2781,0.0015,0.1915,0.0012,0.2804,0.0094,0.4837,0.0081,0.6542,0.0025,0.494,0.0086,16.0,12.0,296.14638686180115,296.14638686180115,59.252695546791315
386,0.2785,0.001,0.192,0.0014,0.2783,0.0081,0.4816,0.0085,0.6541,0.0028,0.4918,0.0088,16.0,13.0,277.44408106803894,277.44408106803894,55.595656447776946
387,0.2778,0.0023,0.1917,0.0014,0.2818,0.0146,0.4815,0.0083,0.6541,0.0025,0.4919,0.0086,16.0,14.0,332.41039419174194,332.41039419174194,66.54565585779602
388,0.2938,0.0013,0.1999,0.0008,0.1967,0.0088,0.4934,0.0116,0.6538,0.0037,0.5035,0.0117,17.0,5.0,327.17783761024475,327.17783761024475,65.52252911359518
389,0.2889,0.0025,0.197,0.0015,0.2231,0.0168,0.4922,0.0083,0.6543,0.0029,0.5028,0.0091,17.0,6.0,304.86636209487915,304.86636209487915,61.08129131108079
390,0.2849,0.0021,0.1945,0.001,0.2447,0.0134,0.4899,0.0093,0.6546,0.0025,0.5002,0.0098,17.0,7.0,273.14070200920105,273.14070200920105,54.77462520379119
391,0.2843,0.0021,0.1942,0.0012,0.2479,0.0131,0.4879,0.0084,0.6539,0.0028,0.4982,0.009,17.0,8.0,295.4432270526886,295.4432270526886,59.013600930385586
392,0.2819,0.0018,0.1934,0.0009,0.2607,0.0118,0.4869,0.0089,0.6544,0.0025,0.4972,0.0092,17.0,9.0,274.77645230293274,274.77645230293274,54.89696206331619
393,0.281,0.001,0.1918,0.0007,0.2655,0.0068,0.488,0.0096,0.6545,0.0029,0.4985,0.01,17.0,10.0,287.786057472229,287.786057472229,57.209006932774024
394,0.28,0.0022,0.1917,0.0013,0.2706,0.0145,0.4858,0.0088,0.6545,0.0026,0.4964,0.0092,17.0,11.0,305.7849247455597,305.7849247455597,61.00092406781164
395,0.2793,0.0021,0.1919,0.0015,0.2742,0.0133,0.4844,0.0089,0.6542,0.0029,0.4946,0.0093,17.0,12.0,281.428484916687,281.428484916687,56.339919542626745
396,0.2791,0.0026,0.1916,0.0013,0.2752,0.0164,0.4827,0.0074,0.6543,0.0024,0.493,0.0077,17.0,13.0,284.1554639339447,284.1554639339447,57.04009746188948
397,0.2771,0.0011,0.1917,0.0013,0.2855,0.0075,0.4816,0.0085,0.6539,0.0028,0.492,0.0092,17.0,14.0,276.92170095443726,276.92170095443726,55.504148096162695
398,0.2922,0.0021,0.1988,0.0013,0.2054,0.0145,0.494,0.0089,0.6548,0.0027,0.5044,0.009,18.0,5.0,343.1433539390564,343.1433539390564,68.5605323190357
399,0.2888,0.003,0.1972,0.0016,0.2238,0.0193,0.4909,0.0103,0.6528,0.0036,0.5012,0.0102,18.0,6.0,304.1460750102997,304.1460750102997,60.57658041964291
400,0.2861,0.0016,0.1944,0.0012,0.2386,0.0114,0.4925,0.009,0.6552,0.0028,0.5033,0.0093,18.0,7.0,322.8120467662811,322.8120467662811,64.00693752417074
401,0.2837,0.002,0.1932,0.0015,0.2512,0.0141,0.4904,0.0095,0.6547,0.0028,0.5009,0.01,18.0,8.0,306.3540322780609,306.3540322780609,61.50115325056835
402,0.2829,0.0023,0.1932,0.001,0.2553,0.0153,0.4854,0.0076,0.6529,0.0025,0.496,0.0077,18.0,9.0,308.7824046611786,308.7824046611786,61.638635134933686
403,0.281,0.0007,0.1923,0.0008,0.2653,0.0058,0.4871,0.0083,0.6544,0.0028,0.4973,0.0088,18.0,10.0,295.41258788108826,295.41258788108826,58.992824574976844
404,0.2799,0.0012,0.1913,0.0006,0.2709,0.008,0.4858,0.0085,0.6544,0.0026,0.4963,0.0088,18.0,11.0,285.5910348892212,285.5910348892212,57.14452177142585
405,0.2791,0.0016,0.1917,0.0011,0.2751,0.0112,0.4853,0.0092,0.6546,0.0028,0.4958,0.0097,18.0,12.0,301.6173870563507,301.6173870563507,60.04236540179177
406,0.2784,0.0008,0.1917,0.0009,0.2789,0.0065,0.4823,0.0081,0.6542,0.0027,0.4927,0.0085,18.0,13.0,271.6280074119568,271.6280074119568,54.255645046369054
407,0.277,0.0019,0.1917,0.0014,0.2859,0.0124,0.4824,0.0086,0.6541,0.0026,0.4927,0.0089,18.0,14.0,281.460209608078,281.460209608078,56.6967363115696
408,0.2909,0.0015,0.1981,0.0014,0.2126,0.0114,0.494,0.0096,0.654,0.003,0.5051,0.01,19.0,5.0,326.22194814682007,326.22194814682007,65.34546701707949
409,0.2879,0.0026,0.1965,0.0017,0.2286,0.0172,0.4921,0.0095,0.6541,0.0028,0.5026,0.0096,19.0,6.0,345.7487404346466,345.7487404346466,69.221597918232
410,0.2856,0.0032,0.1941,0.0013,0.2411,0.0203,0.492,0.0088,0.6539,0.0028,0.5024,0.0086,19.0,7.0,301.63262581825256,301.63262581825256,60.01002626805416
411,0.2843,0.0012,0.1933,0.0011,0.248,0.0093,0.4912,0.0106,0.6544,0.0031,0.5015,0.0111,19.0,8.0,308.63864183425903,308.63864183425903,62.17644874576833
412,0.2819,0.0024,0.1917,0.0013,0.2603,0.0157,0.4895,0.0099,0.6544,0.0028,0.4999,0.0104,19.0,9.0,308.1117067337036,308.1117067337036,61.33778236501546
413,0.2816,0.0009,0.1928,0.0009,0.2622,0.0076,0.4852,0.0074,0.6534,0.0028,0.4955,0.0078,19.0,10.0,291.7344789505005,291.7344789505005,58.73136074118898
414,0.2812,0.0023,0.1922,0.0015,0.2641,0.0153,0.4859,0.0088,0.6542,0.0026,0.4961,0.0092,19.0,11.0,284.93524527549744,284.93524527549744,56.56403785206193
415,0.2786,0.0007,0.1918,0.001,0.2777,0.0066,0.4843,0.0088,0.6542,0.0028,0.4948,0.009,19.0,12.0,266.9270250797272,266.9270250797272,53.666478103690324
416,0.2786,0.0014,0.1918,0.0012,0.2779,0.0091,0.4826,0.0086,0.6539,0.0025,0.4931,0.009,19.0,13.0,273.21600246429443,273.21600246429443,54.966811346658936
417,0.2778,0.002,0.1915,0.0015,0.2818,0.0134,0.4823,0.0083,0.6538,0.0026,0.4926,0.0088,19.0,14.0,274.5286476612091,274.5286476612091,54.74084770797626
418,0.291,0.003,0.1988,0.0022,0.212,0.0195,0.4925,0.0086,0.6529,0.0029,0.5028,0.0085,20.0,5.0,305.90155267715454,305.90155267715454,61.26482660988549
419,0.2889,0.0016,0.1969,0.0011,0.2236,0.0117,0.4913,0.0093,0.6537,0.0028,0.5021,0.0098,20.0,6.0,367.1692564487457,367.1692564487457,73.54334740417008
420,0.2855,0.0029,0.1944,0.0013,0.2416,0.0183,0.4903,0.0095,0.6541,0.0027,0.5002,0.0096,20.0,7.0,315.65486454963684,315.65486454963684,62.96821401328111
421,0.2849,0.0028,0.1941,0.0017,0.2444,0.018,0.487,0.0091,0.6519,0.0031,0.4979,0.0092,20.0,8.0,306.6485667228699,306.6485667228699,61.03988982242659
422,0.2817,0.0019,0.1927,0.0016,0.2615,0.0126,0.4852,0.0111,0.652,0.0035,0.4952,0.0112,20.0,9.0,269.78763341903687,269.78763341903687,53.69398321517922
423,0.2812,0.0018,0.1927,0.001,0.2642,0.0111,0.4863,0.0101,0.653,0.0032,0.4967,0.0102,20.0,10.0,297.7339382171631,297.7339382171631,59.654989287424584
424,0.2803,0.0025,0.1914,0.0009,0.269,0.0135,0.4848,0.01,0.6535,0.0029,0.4951,0.0104,20.0,11.0,272.4445962905884,272.4445962905884,54.4718961376138
425,0.2796,0.0021,0.1913,0.0008,0.2728,0.0135,0.486,0.0084,0.6544,0.0025,0.4966,0.0089,20.0,12.0,317.67178678512573,317.67178678512573,63.42149715036472
426,0.2794,0.0017,0.1917,0.0014,0.2736,0.011,0.4842,0.0091,0.6538,0.0027,0.4949,0.0095,20.0,13.0,315.035542011261,315.035542011261,63.200462004485495
427,0.2775,0.0016,0.1916,0.001,0.2834,0.0089,0.4819,0.0078,0.6537,0.0025,0.492,0.0083,20.0,14.0,273.2784082889557,273.2784082889557,54.75729523966944
